ID,Question,Answer
1,"What are the available models of BMW in 2024?","In 2024, BMW offers a range of models including the 3 Series, 5 Series, X Series (X3, X5), and electric models like the i4 and iX."
2,"What is the warranty period for BMW cars?","BMW provides a warranty of 4 years or 50,000 miles, whichever comes first. Additionally, there is a 12-year anti-corrosion warranty."
3,"What is the cost of BMW i4 electric car?","The BMW i4 starts at around $55,000. The price can vary based on configurations and optional features."
4,"What type of fuel is recommended for BMW cars?","BMW recommends using premium unleaded gasoline for its petrol cars, while diesel models require high-quality diesel."
5,"How often should I service my BMW?","BMW cars typically require servicing every 10,000 miles or 12 months, whichever comes first."
6,"Can I charge a BMW electric car at home?","Yes, BMW offers a home charging solution with a wallbox that can charge your electric BMW overnight."
7,"What is the top speed of the BMW M4?","The BMW M4 has a top speed of 155 mph (electronically limited) and can be increased to 180 mph with the optional M Driverâ€™s Package."
8,"Are BMW cars equipped with autonomous driving features?","BMW offers advanced driver assistance systems, including Adaptive Cruise Control, Lane Keep Assist, and Parking Assist. Full autonomous driving is not available yet."
9,"What are the safety features in BMW cars?","BMW cars come equipped with features like Dynamic Stability Control, Automatic Emergency Braking, Lane Departure Warning, and advanced airbags."
10,"What is BMW ConnectedDrive?","BMW ConnectedDrive is an in-car technology suite that provides features like navigation, real-time traffic updates, remote access, and emergency services."
11,"What is the fuel economy of the BMW 3 Series?","The BMW 3 Series offers an average fuel economy of around 30 MPG combined."
12,"What is the lifespan of a BMW battery?","The lifespan of a BMW battery is typically around 3-5 years, depending on usage and climate."
13,"How do I reset the service light on my BMW?","To reset the service light, use the trip odometer reset button while turning on the ignition without starting the engine."
14,"What is BMW's approach to sustainability?","BMW focuses on sustainability through electric vehicles, recycling materials, and reducing CO2 emissions in production."
15,"How does BMW's All-Wheel Drive system work?","BMW's All-Wheel Drive system distributes power to all four wheels, enhancing traction and stability in various driving conditions."
16,"What are the interior features of the BMW X5?","The BMW X5 features premium leather upholstery, a panoramic sunroof, and advanced infotainment systems."
17,"What are the differences between the BMW M and regular models?","BMW M models are performance-oriented, featuring more powerful engines, sport-tuned suspensions, and aggressive styling."
18,"How do I connect my phone to my BMW?","You can connect your phone via Bluetooth or use Apple CarPlay/Android Auto for seamless integration."
19,"What is the towing capacity of the BMW X3?","The BMW X3 has a towing capacity of up to 4,400 pounds when properly equipped."
20,"What maintenance is required for a BMW?","Regular maintenance includes oil changes, tire rotations, and brake inspections at specified intervals."
21,"What is the price range for BMW M models?","BMW M models typically start around $70,000 and can exceed $100,000 depending on the configuration."
22,"How can I find a BMW dealership near me?","You can find a BMW dealership using the dealer locator on the official BMW website."
23,"What technology features are available in the BMW 7 Series?","The BMW 7 Series includes advanced technology like gesture controls, a head-up display, and premium audio systems."
24,"What should I do if my BMW won't start?","If your BMW won't start, check the battery, fuel levels, and starter; consult a dealer if the problem persists."
25,"How do I access BMW's online services?","You can access BMW's online services by creating an account on the BMW ConnectedDrive portal."
26,"What are the paint color options for BMW cars?","BMW offers a variety of paint color options, including classic shades like black, white, and blue, as well as unique finishes."
27,"What should I do if my BMW's check engine light is on?","If the check engine light is on, you should have your vehicle diagnosed by a professional to identify the issue."
28,"What features come with the BMW Technology Package?","The Technology Package may include features like navigation, a premium sound system, and advanced driver-assistance features."
29,"What is the average lifespan of a BMW vehicle?","With proper maintenance, a BMW can last over 200,000 miles."
30,"Can I use regular fuel in my BMW?","While you can use regular fuel, BMW recommends premium gasoline for optimal performance."
31,"What is the performance of the BMW Z4?","The BMW Z4 is known for its agile handling and offers various engine options, providing an exhilarating driving experience."
32,"What type of tires does BMW recommend?","BMW recommends using performance tires suitable for the model and driving conditions."
33,"What is the cargo capacity of the BMW X1?","The BMW X1 offers approximately 27 cubic feet of cargo space, expandable to about 58 cubic feet with rear seats down."
34,"How does BMW's warranty compare to other brands?","BMW's warranty is competitive, offering similar coverage to luxury brands like Audi and Mercedes-Benz."
35,"What are the driving modes available in BMW cars?","Most BMW models come with driving modes such as Comfort, Sport, and Eco Pro to adjust performance characteristics."
36,"How do I schedule a test drive for a BMW?","You can schedule a test drive through the BMW website or by contacting your local dealership."
37,"What are the infotainment options in the BMW 5 Series?","The BMW 5 Series includes options like a touchscreen, navigation, Bluetooth connectivity, and premium audio systems."
38,"What should I do if I lose my BMW key?","If you lose your BMW key, you can contact your dealership for a replacement or use the BMW Connected app for access."
39,"What is the acceleration time of the BMW M5?","The BMW M5 can accelerate from 0 to 60 mph in just 3.2 seconds."
40,"Can I get a sunroof in my BMW?","Yes, many BMW models offer a panoramic sunroof as an optional feature."
41,"What is the trunk space of the BMW 4 Series?","The BMW 4 Series offers approximately 15 cubic feet of trunk space."
42,"What are the connectivity features in BMW cars?","BMW cars typically offer features like Wi-Fi hotspot, Bluetooth, and smartphone integration for connectivity."
43,"What is BMW's approach to electric vehicles?","BMW is committed to electric vehicles, offering several models and investing in sustainable battery technology."
44,"What is the comfort level of BMW seats?","BMW seats are designed for comfort, offering ergonomic support and high-quality materials."
45,"What is the fuel tank capacity of the BMW X7?","The BMW X7 has a fuel tank capacity of approximately 21.9 gallons."
46,"What is the difference between BMW xDrive and sDrive?","xDrive refers to BMW's all-wheel-drive system, while sDrive denotes rear-wheel drive."
47,"What are the available colors for the BMW M Series?","The BMW M Series is available in various colors, including exclusive M-specific hues."
48,"What is BMW's approach to customer service?","BMW focuses on exceptional customer service, offering support through dealerships and online services."
49,"What should I check before buying a used BMW?","Before buying a used BMW, check the service history, mileage, and condition of the vehicle."
50,"What are the differences between the i3 and i4?","The i3 is a compact electric city car, while the i4 is a sporty electric sedan with a longer range."